{
	"columns": [
		"ID",
		"Name",
		"Date",
		"Price"
	],
	"records": [
		[
			1,
			"John",
			2141312312,
			0.34252423
		],
		[
			2,
			"Lilly",
			2141312312,
			1.21323423
		],
		[
			3,
			"Divora",
			2141312312,
			10
		],
		[
			4,
			"Milena",
			1439152690964,
			-0.34252423
		],
		[
			5,
			"Liu Kang",
			1439152690964,
			2.1
		],
		[
			6,
			"Jax",
			1439152690964,
			0
		],
		[
			7,
			"Kitana",
			1439152690964,
			-68
		],
		[
			8,
			"Scorpion",
			1439152690964,
			-2.1
		],
		[
			9,
			"Sonya",
			1439152690964,
			0
		],
		[
			10,
			"Kenshi",
			1439152690964,
			-0
		],
		[
			11,
			"Ermac",
			1439152690964,
			-1
		],
		[
			12,
			"Zoro",
			1439152690964,
			12
		],
		[
			13,
			"Ant Man",
			1439152690964,
			666
		]
	],
	"recordsPerPage": 5,
	"currentPage": 1,
	"orderBy": 1,
	"orderType": "ASC"
}